INSERT OR REPLACE INTO tolgee_languages (languageId, languageName, originalName, languageTag, flagEmoji, isBase) VALUES (1158224072, 'Czech', 'čeština', 'cs', '🇨🇿', 0);
INSERT OR REPLACE INTO tolgee_languages (languageId, languageName, originalName, languageTag, flagEmoji, isBase) VALUES (1050175006, 'English', 'English', 'en', '🇬🇧', 1);

INSERT OR IGNORE INTO tolgee_keys (keyId, keyName) VALUES (1331349123, 'app_close_button');
INSERT OR IGNORE INTO tolgee_keys (keyId, keyName) VALUES (1331360080, 'app_subscriptions');
INSERT OR IGNORE INTO tolgee_keys (keyId, keyName) VALUES (1331360081, 'app_subscriptions_free');
INSERT OR IGNORE INTO tolgee_keys (keyId, keyName) VALUES (1335806547, 'app_formatted_text');
INSERT OR IGNORE INTO tolgee_keys (keyId, keyName) VALUES (1347220054, 'test');
INSERT OR IGNORE INTO tolgee_keys (keyId, keyName) VALUES (1347220055, 'test1');
INSERT OR IGNORE INTO tolgee_keys (keyId, keyName) VALUES (1347220056, 'test2');
INSERT OR IGNORE INTO tolgee_keys (keyId, keyName) VALUES (1347220057, 'test3');
INSERT OR IGNORE INTO tolgee_keys (keyId, keyName) VALUES (1349463536, 'login_button_continue');
INSERT OR IGNORE INTO tolgee_keys (keyId, keyName) VALUES (1349822951, 'login_description');
INSERT OR IGNORE INTO tolgee_keys (keyId, keyName) VALUES (1349822953, 'home_button_logout');
INSERT OR IGNORE INTO tolgee_keys (keyId, keyName) VALUES (1349979964, 'login_welcome');
INSERT OR IGNORE INTO tolgee_keys (keyId, keyName) VALUES (1349979965, 'home_description');
INSERT OR IGNORE INTO tolgee_keys (keyId, keyName) VALUES (1356115137, 'todo_input_placeholder');
INSERT OR IGNORE INTO tolgee_keys (keyId, keyName) VALUES (1356237081, 'home_welcome');
INSERT OR IGNORE INTO tolgee_keys (keyId, keyName) VALUES (1356237851, 'todo_button_add');
INSERT OR IGNORE INTO tolgee_keys (keyId, keyName) VALUES (1356237852, 'todo_appbar_title');
INSERT OR IGNORE INTO tolgee_keys (keyId, keyName) VALUES (1361463559, 'todo_list_title');
INSERT OR IGNORE INTO tolgee_keys (keyId, keyName) VALUES (1361562192, 'todo_empty_message');
INSERT OR REPLACE INTO tolgee_translations (translationId, keyId, languageId, translationText) VALUES (1334966164, 1331349123, 1158224072, 'zavrit');
INSERT OR REPLACE INTO tolgee_translations (translationId, keyId, languageId, translationText) VALUES (1331356467, 1331349123, 1050175006, 'Closee');
INSERT OR REPLACE INTO tolgee_translations (translationId, keyId, languageId, translationText) VALUES (1336728048, 1331360080, 1158224072, 'asd');
INSERT OR REPLACE INTO tolgee_translations (translationId, keyId, languageId, translationText) VALUES (1331357316, 1331360080, 1050175006, 'List of subscriptions');
INSERT OR REPLACE INTO tolgee_translations (translationId, keyId, languageId, translationText) VALUES (1331357317, 1331360081, 1050175006, 'Freee');
INSERT OR REPLACE INTO tolgee_translations (translationId, keyId, languageId, translationText) VALUES (1336970549, 1335806547, 1158224072, 'aasdfsaf');
INSERT OR REPLACE INTO tolgee_translations (translationId, keyId, languageId, translationText) VALUES (1336148964, 1335806547, 1050175006, '<b> Formatted </b> param : {param} ');
INSERT OR REPLACE INTO tolgee_translations (translationId, keyId, languageId, translationText) VALUES (1349981797, 1349463536, 1050175006, 'Go to Home Screen');
INSERT OR REPLACE INTO tolgee_translations (translationId, keyId, languageId, translationText) VALUES (1349901843, 1349822951, 1050175006, 'Demo application to show transaltion SDK');
INSERT OR REPLACE INTO tolgee_translations (translationId, keyId, languageId, translationText) VALUES (1349901847, 1349822953, 1050175006, 'Go back');
INSERT OR REPLACE INTO tolgee_translations (translationId, keyId, languageId, translationText) VALUES (1349980295, 1349979964, 1158224072, 'vitejte');
INSERT OR REPLACE INTO tolgee_translations (translationId, keyId, languageId, translationText) VALUES (1349980294, 1349979964, 1050175006, 'welcome');
INSERT OR REPLACE INTO tolgee_translations (translationId, keyId, languageId, translationText) VALUES (1349980296, 1349979965, 1050175006, 'I''m Home screen!');
INSERT OR REPLACE INTO tolgee_translations (translationId, keyId, languageId, translationText) VALUES (1357520184, 1356115137, 1050175006, 'New item');
INSERT OR REPLACE INTO tolgee_translations (translationId, keyId, languageId, translationText) VALUES (1356059295, 1356237081, 1050175006, 'Hi again');
INSERT OR REPLACE INTO tolgee_translations (translationId, keyId, languageId, translationText) VALUES (1356887497, 1356237851, 1050175006, 'Add!');
INSERT OR REPLACE INTO tolgee_translations (translationId, keyId, languageId, translationText) VALUES (1356887499, 1356237852, 1050175006, 'What to do');
INSERT OR REPLACE INTO tolgee_translations (translationId, keyId, languageId, translationText) VALUES (1361566135, 1361463559, 1158224072, 'Muj seznam!');
INSERT OR REPLACE INTO tolgee_translations (translationId, keyId, languageId, translationText) VALUES (1361566134, 1361463559, 1050175006, 'My list');
INSERT OR REPLACE INTO tolgee_translations (translationId, keyId, languageId, translationText) VALUES (1361534577, 1361562192, 1158224072, 'Seznam je prazdny');
INSERT OR REPLACE INTO tolgee_translations (translationId, keyId, languageId, translationText) VALUES (1361534576, 1361562192, 1050175006, 'My list is empty :(');
